<?xml version="1.0" encoding="UTF-8"?>
<configuration>
    <!-- 修改一下路径-->
    <property name="PATH" value="log"></property>

    <appender name="STDOUT" class="ch.qos.logback.core.ConsoleAppender">
        <encoder>
            <!-- 这里的LOG_ID对应LogAspect中的日志流水号 -->
            <Pattern>%d{yyyy-MM-dd HH:mm:ss.SSS} %highlight(%-5level) %blue(%-50logger{50}:%-4line) %thread %green(%-18X{LOG_ID}) %msg%n</Pattern>
        </encoder>
    </appender>

    <appender name="TRACE_FILE" class="ch.qos.logback.core.rolling.RollingFileAppender">
        <file>${PATH}/trace.log</file>
        <rollingPolicy class="ch.qos.logback.core.rolling.TimeBasedRollingPolicy">
            <FileNamePattern>${PATH}/trace.%d{yyyy-MM-dd}.%i.log</FileNamePattern>
            <timeBasedFileNamingAndTriggeringPolicy class="ch.qos.logback.core.rolling.SizeAndTimeBasedFNATP">
                <maxFileSize>10MB</maxFileSize>
            </timeBasedFileNamingAndTriggeringPolicy>
        </rollingPolicy>
        <layout>
            <pattern>%d{yyyy-MM-dd HH:mm:ss.SSS} %-5level %-50logger{50}:%-4line %green(%-18X{LOG_ID}) %msg%n</pattern>
        </layout>
    </appender>

    <appender name="ERROR_FILE" class="ch.qos.logback.core.rolling.RollingFileAppender">
        <file>${PATH}/error.log</file>
        <rollingPolicy class="ch.qos.logback.core.rolling.TimeBasedRollingPolicy">
            <FileNamePattern>${PATH}/error.%d{yyyy-MM-dd}.%i.log</FileNamePattern>
            <timeBasedFileNamingAndTriggeringPolicy class="ch.qos.logback.core.rolling.SizeAndTimeBasedFNATP">
                <maxFileSize>10MB</maxFileSize>
            </timeBasedFileNamingAndTriggeringPolicy>
        </rollingPolicy>
        <layout>
            <pattern>%d{yyyy-MM-dd HH:mm:ss.SSS} %-5level %-50logger{50}:%-4line %green(%-18X{LOG_ID}) %msg%n</pattern>
        </layout>
        <filter class="ch.qos.logback.classic.filter.LevelFilter">
            <level>ERROR</level>
            <onMatch>ACCEPT</onMatch>
            <onMismatch>DENY</onMismatch>
        </filter>
    </appender>

    <root level="ERROR">
        <appender-ref ref="ERROR_FILE" />
    </root>

    <root level="TRACE">
        <appender-ref ref="TRACE_FILE" />
    </root>

    <root level="INFO">
        <appender-ref ref="STDOUT" />
    </root>
</configuration>
